<?xml version="1.0" encoding="UTF-8" standalone="yes"?>
<addon id="plugin.video.faustinotvpremium.matrix" name="[B][COLOR red]FAUSTINO TV UHD[/B][/COLOR]" version="1.0.6.matrix.1" provider-name="[B][COLOR orange]tio jaime[/B][/COLOR]">
  <extension point="xbmc.python.pluginsource"
			library="default.py">
		<provides>video</provides>
  </extension>
  <extension point="xbmc.addon.metadata">
	<summary lang="en">[COLOR red]Exclusivo para clientes[/COLOR] </summary>
	<language>en</language>
	<description lang="en">[COLOR red]This addon does not supply nor provide any illegal content[/COLOR]</description>
	<platform>all</platform>
	<assets>
		<icon>icon.png</icon>
		<fanart>fanart.png</fanart>
	</assets>
  </extension>
      <news>
1.0.6
- Correções de bugs
    </news>
</addon>