<?xml version="1.0" encoding="UTF-8" standalone="yes"?>
<addon id="plugin.video.faustinotv.matrix" name="[B][COLOR cyan]FaustinoTV[/COLOR][/B]" version="1.0.2+matrix.1" provider-name="tio jaime"> 
<requires>
<import addon="script.module.six"/>
<import addon="script.module.kodi-six"/>
<import addon="script.module.requests" optional="true"/>
<import addon="script.module.resolveurl" optional="true"/>
<import addon="inputstream.ffmpegdirect" version="19.0.3"/>
<import addon="script.module.inputstreamhelper"/>
</requires>  
<extension point="xbmc.python.pluginsource" library="default.py">
	<provides>video</provides>
</extension>
<extension point="xbmc.addon.repository" name="FaustinoTV - REPO">
        <dir>
            <info compressed="false">http://faustinotv.cloud/repo/zips/addons.xml</info>
            <checksum>http://faustinotv.cloud/repo/zips/addons.xml.md5</checksum>
            <datadir zip="true">http://faustinotv.cloud/repo/zips/</datadir>
        </dir>
    </extension>
<extension point="xbmc.addon.metadata">
    <summary lang="en">[B][COLOR cyan]FaustinoTV[/COLOR] - [COLOR yellow]O Retorno[/COLOR][/B]</summary>
    <disclaimer lang="en">O autor não é responsável pelo uso deste addon. O autor não é responsável pelo conteúdo encontrado usando este addon. O autor não hospeda ou possui qualquer conteúdo encontrado dentro deste addon. O autor não é de forma alguma afiliado com Kodi, Team Kodi, ou a Fundação XBMC. Este é um recurso sem fins lucrativos, organizado exclusivamente para fins educacionais. fins protegidos pela doutrina de uso justo da Lei de Direitos Autorais, especificamente a seção 107, que promove a liberdade de expressão, ao permitir o uso não licenciado de obras protegidas por direitos autorais.</disclaimer>
	<description lang="en">[B][COLOR white]TV AO VIVO - FILMES - SERIES - RÁDIOS[/COLOR][/B]</description>

	<assets>
    <icon>icon.png</icon>
    <fanart>fanart.png</fanart>
<screenshot>resources/screenshots/home.png</screenshot>
<screenshot>resources/screenshots/movies.png</screenshot>
<screenshot>resources/screenshots/series.png</screenshot>
</assets>
<news>[B][COLOR lime] Em Testes[/B][/COLOR]
</news>
</extension>
</addon>