<?xml version="1.0" encoding="UTF-8" standalone="yes"?>
<addon id="repository.faustinotv" name="FaustinoTV - REPO" version="1.0.1+matrix.1" provider-name="tio jaime">
    <extension point="xbmc.addon.repository" name="FaustinoTV - REPO">
        <dir>
            <info compressed="false">http://faustinotv.cloud/repo/zips/addons.xml</info>
            <checksum>http://faustinotv.cloud/repo/zips/addons.xml.md5</checksum>
            <datadir zip="true">http://faustinotv.cloud/repo/zips/</datadir>
        </dir>
    </extension>
    <extension point="xbmc.addon.metadata">
        <summary>FAUSTINOTV REPO</summary>
        <description>REPOSITÓRIO OFICIAL FAUSTINOTV</description>
        <disclaimer></disclaimer>
        <platform>all</platform>
        <assets>
            <icon>icon.png</icon>
            <fanart>fanart.jpg</fanart>
        </assets>
    </extension>
</addon>