<?xml version="1.0" encoding="UTF-8" standalone="yes"?>
<addon id="script.faustinotv.downloader" name="ONEPLAY VIP DOWNLOADER" version="1.0.2" provider-name="tio jaime">
    <requires>
        <import addon="script.module.six"/>
        <import addon="script.module.kodi-six"/>
    </requires>
    <extension point="xbmc.python.script" library="default.py"/>
    <extension point="xbmc.addon.metadata">
        <summary lang="en">APKS IPTV e P2P exclusivos</summary>
		<summary lang="pt">APKS IPTV e P2P exclusivos</summary>
        <description lang="en">Lista Premium</description>
		<description lang="pt">Lista Premium</description>
        <platform>all</platform>
        <license>GNU GENERAL PUBLIC LICENSE. Version 1, 12 June 2022</license>
        <disclaimer>The author of this addon do not host any of the content which is found and have no affiliation with any of the content providers. This addon simply searches websites for content. Use at your own risk!</disclaimer>
        <assets>
            <icon>icon.png</icon>
            <fanart>fanart.png</fanart>
			<screenshot>resources/images/01.jpg</screenshot>
			<screenshot>resources/images/01.jpg</screenshot>
			<screenshot>resources/images/01.png</screenshot>
        </assets>
    </extension>
</addon>
